<?xml version="1.0" encoding="UTF-8"?><metadata>
    <idinfo>
        <citation>
            <citeinfo>
                <origin/>
                <origin/>
                <pubdate>20151230</pubdate>
                <title>U.S. ZIP Code Areas (Five-Digit)</title>
                <edition>2015</edition>
                <geoform>vector digital data</geoform>
                <serinfo>
                    <sername>Data and Maps for ArcGIS?</sername>
                    <issue>2015 - World, Europe, and United States</issue>
                </serinfo>
                <pubinfo>
                    <pubplace/>
                    <publish>Esri</publish>
                </pubinfo>
                <othercit>Location: \usa\census</othercit>
            </citeinfo>
        </citation>
        <descript>
            <abstract>U.S. ZIP Code Areas (Five-Digit) represents five-digit ZIP Code areas used by the U.S. Postal Service to deliver mail more effectively. The first digit of a five-digit ZIP Code divides the United States into 10 large groups of states numbered from 0 in the Northeast to 9 in the far West. Within these areas, each state is divided into an average of 10 smaller geographical areas, identified by the second and third digits. These digits, in conjunction with the first digit, represent a sectional center facility or a mail processing facility area. The fourth and fifth digits identify a post office, station, branch or local delivery area. Please contact GIS.Librarian@floridadep.gov for more information.  </abstract>
            <purpose>U.S. ZIP Code Areas (Five-Digit) provides ZIP Code, postal district name, population, and area for the ZIP Code areas in the United States.</purpose>
        </descript>
        <timeperd>
            <timeinfo>
                <mdattim>
                    <sngdate>
                        <caldate>20150701</caldate>
                    </sngdate>
                    <sngdate>
                        <caldate>20141215</caldate>
                    </sngdate>
                    <sngdate>
                        <caldate>20140703</caldate>
                    </sngdate>
                    <sngdate>
                        <caldate>20111201</caldate>
                    </sngdate>
                    <sngdate>
                        <caldate>20100301</caldate>
                    </sngdate>
                </mdattim>
            </timeinfo>
            <current>publication date</current>
        </timeperd>
        <status>
            <progress>Complete</progress>
            <update>Annually</update>
        </status>
        <spdom>
            <bounding>
                <westbc>-87.639109</westbc>
                <eastbc>-79.872685</eastbc>
                <northbc>31.042640</northbc>
                <southbc>24.480356</southbc>
            </bounding>
        </spdom>
        <keywords>
            <theme>
                <themekt>None</themekt>
                <themekey>polygon</themekey>
                <themekey>areas</themekey>
                <themekey>ZIP codes</themekey>
                <themekey>five-digit ZIP codes</themekey>
                <themekey>population</themekey>
                <themekey>post offices</themekey>
                <themekey>location</themekey>
                <themekey>society</themekey>
            </theme>
            <theme>
                <themekt>ISO 19115 Topic Categories</themekt>
                <themekey>location</themekey>
                <themekey>society</themekey>
            </theme>
            <place>
                <placekt>None</placekt>
                <placekey>United States</placekey>
                <placekey>Puerto Rico</placekey>
                <placekey>U.S. Virgin Islands</placekey>
                <placekey>Guam</placekey>
            </place>
            <temporal>
                <tempkt>None</tempkt>
                <tempkey>2015</tempkey>
                <tempkey>2014</tempkey>
                <tempkey>2011</tempkey>
                <tempkey>2010</tempkey>
            </temporal>
        </keywords>
        <accconst>The data are provided by multiple, third party data vendors under license to Esri for inclusion on Data and Maps for ArcGIS? for use with Esri? software. Each data vendor has its own data licensing policies and may grant varying redistribution rights to end users. Please consult the redistribution rights below for this data set provided on Data and Maps. As used herein, ?Geodata? shall mean any digital data set consisting of geographic data coordinates and associated attributes. 



The redistribution rights for this data set: Redistribution rights are granted by the data vendor for hard-copy renditions or static, electronic map images (e.g. .gif, .jpeg, etc.) that are plotted, printed, or publicly displayed with proper metadata and source/copyright attribution to the respective data vendor(s). Geodata is redistributable with a Value-Added Software Application developed by Esri Business Partners on a royalty-free basis with proper metadata and source/copyright attribution to the respective data vendor(s). 



[Applicable to Esri sources only]?In addition to the redistribution rights above, geodata is redistributable without a Value-Added Software Application (i.e., adding the sample data to an existing, [non]commercial data set for redistribution) with proper metadata and source/copyright attribution to the respective data vendor(s). 



The terms and conditions below apply to all the data sets provided on Data and Maps. 



Proprietary Rights and Copyright: Licensee acknowledges that the Data and Related Materials contain proprietary and confidential property of Esri and its licensor(s). The Data and Related Materials are owned by Esri and its licensor(s) and are protected by United States copyright laws and applicable international copyright treaties and/or conventions. 



Limited Warranty and Disclaimer: Esri warrants that the media upon which the Data and Related Materials are provided will be free from defects in materials and workmanship under normal use and service for a period of ninety (90) days from the date of receipt. 



THE DATA AND RELATED MATERIALS ARE EXCLUDED FROM THE LIMITED WARRANTY, AND THE LICENSEE EXPRESSLY ACKNOWLEDGES THAT THE DATA CONTAINS SOME NONCONFORMITIES, DEFECTS, OR ERRORS. ESRI DOES NOT WARRANT THAT THE DATA WILL MEET LICENSEE'S NEEDS OR EXPECTATIONS; THAT THE USE OF THE DATA WILL BE UNINTERRUPTED; OR THAT ALL NONCONFORMITIES, DEFECTS, OR ERRORS CAN OR WILL BE CORRECTED. ESRI IS NOT INVITING RELIANCE ON THIS DATA, AND THE LICENSEE SHOULD ALWAYS VERIFY ACTUAL DATA. 



EXCEPT FOR THE LIMITED WARRANTY SET FORTH ABOVE, THE DATA AND RELATED MATERIALS CONTAINED THEREIN ARE PROVIDED "AS-IS," WITHOUT WARRANTY OF ANY KIND, EITHER EXPRESS OR IMPLIED, INCLUDING, BUT NOT LIMITED TO, THE IMPLIED WARRANTIES OF MERCHANTABILITY AND FITNESS FOR A PARTICULAR PURPOSE. 



HIGH RISK ACTIVITIES: 

(A) THE DATA AND RELATED MATERIALS ARE NOT FAULT-TOLERANT AND ARE NOT DESIGNED, MANUFACTURED, OR INTENDED FOR USE OR RESALE FOR INSURANCE UNDERWRITING OR WITH CRITICAL HEALTH AND SAFETY OR ONLINE CONTROL EQUIPMENT IN HAZARDOUS ENVIRONMENTS THAT REQUIRE FAIL-SAFE PERFORMANCE, INCLUDING, BUT NOT LIMITED TO THE OPERATION OF NUCLEAR FACILITIES, NAVIGATION OR GUIDANCE (I.E., AIRCRAFT, NAUTICAL VEHICLE, ETC.), OR COMMUNICATION SYSTEMS, AIR TRAFFIC CONTROL, EMERGENCY RESPONSE, TERRORISM PREVENTION OR RESPONSE, LIFE SUPPORT, OR WEAPONS SYSTEMS ("HIGH RISK ACTIVITIES"). ESRI SPECIFICALLY DISCLAIMS ANY EXPRESS OR IMPLIED WARRANTY OF FITNESS FOR HIGH RISK ACTIVITIES. 



(B) TO THE EXTENT PERMITTED BY LAW, LICENSEE AGREES TO INDEMNIFY, DEFEND, AND HOLD ESRI, ITS OFFICERS, DIRECTORS, EMPLOYEES, AGENTS, SUBCONTRACTORS, LICENSORS, SUCCESSORS, AND ASSIGNS HARMLESS FROM AND AGAINST ANY AND ALL LIABILITY, LOSSES, CLAIMS, EXPENSES (INCLUDING ATTORNEYS' FEES), DEMANDS, OR DAMAGES OF ANY KIND, INCLUDING DIRECT, INDIRECT, SPECIAL, PUNITIVE, INCIDENTAL, OR CONSEQUENTIAL DAMAGES, ARISING OUT OF OR IN ANY WAY CONNECTED WITH LICENSEE'S USE OR PERMITTING THE USE BY OTHERS OF THE DATA, AND VENDOR'S HARDWARE OR SOFTWARE FOR HIGH RISK ACTIVITIES. DELIVERY OF THE DATA, AND VENDOR'S HARDWARE OR SOFTWARE DOES NOT CONSTITUTE A WAIVER OF THE RIGHTS AND OBLIGATIONS SET FORTH IN THIS ARTICLE. 



Exclusive Remedy and Limitation of Liability: The entire liability of Esri or its licensor(s) and Licensee's exclusive remedy shall be to terminate the Agreement upon Licensee returning the Data and Related Materials to Esri with a copy of Licensee's invoice/receipt and Esri returning the license fees paid to Licensee. 



IN NO EVENT SHALL ESRI AND/OR ITS LICENSOR(S) BE LIABLE FOR COSTS OF PROCUREMENT OF SUBSTITUTE GOODS OR SERVICES; LOST PROFITS, LOST SALES, OR BUSINESS EXPENDITURES, INVESTMENTS, OR COMMITMENTS IN CONNECTION WITH ANY BUSINESS; LOSS OF ANY GOODWILL; OR FOR ANY INDIRECT, SPECIAL, INCIDENTAL, EXEMPLARY, OR CONSEQUENTIAL DAMAGES ARISING OUT OF THIS AGREEMENT OR USE OF THE DATA AND RELATED MATERIALS, HOWEVER CAUSED, ON ANY THEORY OF LIABILITY, AND WHETHER OR NOT ESRI OR ITS LICENSOR(S) HAVE BEEN ADVISED OF THE POSSIBILITY OF SUCH DAMAGE. THESE LIMITATIONS SHALL APPLY NOTWITHSTANDING ANY FAILURE OF ESSENTIAL PURPOSE OF ANY EXCLUSIVE REMEDY. 



Third Party Beneficiary: Esri's licensor(s) has (have) authorized Esri to (sub)distribute and (sub)license its (their) data as incorporated into the Data and Related Materials. As an intended third party beneficiary to this Agreement, the Esri licensor(s) is (are) entitled to directly enforce, in its own name, the rights and obligations undertaken by the Licensee and to seek all legal and equitable remedies as are afforded to Esri. 



In the event that the data vendor(s) has (have) granted the end user permission to redistribute the Geodata, please use proper proprietary or copyright attribution for the various data vendor(s), and provide the associated metadata file(s) with the Geodata. In compliance with FGDC metadata standards, Esri has attempted to practice proper metadata methodologies by providing any data source information, descriptions, and file names to assist in this effort.</accconst>
        <useconst>See Resource Constraints &amp;gt; legal constraints.</useconst>
        <ptcontac>
            <cntinfo>
                <cntorgp>
                    <cntorg>Esri</cntorg>
                    <cntper>ArcGIS Content Team</cntper>
                </cntorgp>
                <cntaddr>
                    <addrtype>mailing and physical</addrtype>
                    <address>380 New York Street</address>
                    <city>Redlands</city>
                    <state>California</state>
                    <postal>92373-8100</postal>
                    <country>US</country>
                </cntaddr>
                <cntvoice>909-793-2853</cntvoice>
                <cntfax>909-793-5953</cntfax>
                <cntemail>info@esri.com</cntemail>
                <hours>8:00 a.m.?5:00 p.m. Pacific time, Monday?Friday</hours>
                <cntinst>In the United States? Please direct all inquiries regarding software/data pricing and consulting services to your local Esri Regional Office. For support, you may contact Esri Support Center by telephone (voice) between 5:00 a.m. and 5:00 p.m. Pacific time, Monday through Friday, by dialing 888-377-4575; facsimile (fax) available at 909-792-0960; electronic mail (e-mail) support@esri.com; or visit http://support.esri.com/; Esri holidays excluded. 



Outside the United States? Please direct all inquiries regarding software/data pricing, sales, support, and consulting services to your local Esri Office. This information can be found at http://www.esri.com/about-esri/offices. For other questions or comments, you may contact Esri headquarters by e-mail, telephone, or fax or write to us.</cntinst>
            </cntinfo>
        </ptcontac>
        <datacred>United States Postal Service</datacred>
        <native>Version 6.2 (Build 9200) ; Esri ArcGIS 10.3.1.4959</native>
    </idinfo>
    <dataqual>
        <logic>The dataset is converted to file geodatabase (FGDB) format using tools in ArcGIS. The geometry is checked, and if needed repaired.</logic>
        <complete>After processing, the data set is checked for drawing display and number of records and file sizes compared with source materials.</complete>
        <posacc>
            <horizpa>
                <horizpar>Horizontal positional accuracy is dependent on geographic area. In most areas, accuracy is between 5 and 25 meters (16 and 82 feet). In some areas, accuracy is off by up to several tens of meters (100 feet or more). In the poorest areas, accuracy is off by up to 100 meters (328 feet).</horizpar>
            </horizpa>
        </posacc>
        <lineage>
            <srcinfo>
                <srccite>
                    <citeinfo>
                        <pubdate>20150701</pubdate>
                        <title>Postal Districts</title>
                    </citeinfo>
                </srccite>
                <typesrc>dvdRom</typesrc>
                <srctime>
                    <timeinfo>
                        <mdattim>
                            <sngdate>
                                <caldate>20150701</caldate>
                            </sngdate>
                            <sngdate>
                                <caldate>20141215</caldate>
                            </sngdate>
                        </mdattim>
                    </timeinfo>
                    <srccurr>publication date</srccurr>
                </srctime>
                <srccitea>Postal Districts</srccitea>
                <srccontr>Attribute and geospatial data</srccontr>
            </srcinfo>
            <srcinfo>
                <srccite>
                    <citeinfo>
                        <pubdate>20140703</pubdate>
                        <title>Esri Data</title>
                    </citeinfo>
                </srccite>
                <typesrc>dvd</typesrc>
                <srctime>
                    <timeinfo>
                        <sngdate>
                            <caldate>20140703</caldate>
                        </sngdate>
                    </timeinfo>
                    <srccurr>publication date</srccurr>
                </srctime>
                <srccitea>Esri Data</srccitea>
                <srccontr>Attribute data</srccontr>
            </srcinfo>
            <srcinfo>
                <srccite>
                    <citeinfo>
                        <pubdate>20111201</pubdate>
                        <title>Administrative Areas</title>
                    </citeinfo>
                </srccite>
                <typesrc>dvd</typesrc>
                <srctime>
                    <timeinfo>
                        <mdattim>
                            <sngdate>
                                <caldate>20111201</caldate>
                            </sngdate>
                            <sngdate>
                                <caldate>20100301</caldate>
                            </sngdate>
                        </mdattim>
                    </timeinfo>
                    <srccurr>publication date</srccurr>
                </srctime>
                <srccitea>Administrative Areas</srccitea>
                <srccontr>Attribute and geospatial data</srccontr>
            </srcinfo>
            <procstep>
                <procdesc>Updated data obtained from Esri and updated the same in the GIS library and MapDirect.</procdesc>
                <procdate>20150213</procdate>
                <proccont>
                    <cntinfo>
                        <cntorgp>
                            <cntorg>Florida Department of Environmental Protection (FDEP) OTIS/GIS Section</cntorg>
                        </cntorgp>
                        <cntaddr>
                            <addrtype>mailing and physical</addrtype>
                            <address>2600 Blair Stone Rd MS 6520</address>
                            <city>Tallahassee</city>
                            <state>FL</state>
                            <postal>32399-2400</postal>
                            <country>US</country>
                        </cntaddr>
                        <cntemail>GIS.Librarian@dep.state.fl.us</cntemail>
                    </cntinfo>
                </proccont>
            </procstep>
            <procstep>
                <procdesc>The following steps were performed by Esri: Extracted the dataset from StreetMap Premium for ArcGIS North America TomTom 2015 Release 1. Removed all Canada and Mexico records. Added the field STATE and coded it by overlaying on Data and Maps 2014 U.S. States. Added the field POP2014 with its values from Esri Data. Added the field SQMI and calculated its values. Added and calculated the field POP_SQMI. Put "-99" values into all number type fields (except SQMI) for records where there were no data.</procdesc>
                <procdate>20150611</procdate>
            </procstep>
            <procstep>
                <procdesc>Updated data obtained from Esri and updated the same in the GIS library and MapDirect.</procdesc>
                <procdate>20160513</procdate>
                <proccont>
                    <cntinfo>
                        <cntorgp>
                            <cntorg>Florida Department of Environmental Protection (FDEP) OTIS/GIS Section</cntorg>
                        </cntorgp>
                        <cntaddr>
                            <addrtype>mailing and physical</addrtype>
                            <address>2600 Blair Stone Rd MS 6520</address>
                            <city>Tallahassee</city>
                            <state>FL</state>
                            <postal>32399-2400</postal>
                            <country>US</country>
                        </cntaddr>
                        <cntemail>GIS.Librarian@dep.state.fl.us</cntemail>
                    </cntinfo>
                </proccont>
            </procstep>
        </lineage>
    </dataqual>
    <spdoinfo>
        <direct>Vector</direct>
        <ptvctinf>
            <sdtsterm>
                <sdtstype>GT-polygon composed of chains</sdtstype>
                <ptvctcnt>950</ptvctcnt>
            </sdtsterm>
        </ptvctinf>
    </spdoinfo>
    <eainfo>
        <detailed>
            <enttyp>
                <enttypl>BASE.ZIP_CODE_AREAS</enttypl>
                <enttypd>The polygons represent five-digit ZIP Code areas where mail is delivered (from a city block or two to a whole rural town) within the United States.</enttypd>
                <enttypds>TomTom North America, Inc.</enttypds>
            </enttyp>
            <attr>
                <attrlabl>OBJECTID</attrlabl>
                <attrdef>Internal feature number.</attrdef>
                <attrdefs>Esri</attrdefs>
                <attrdomv>
                    					
                    <udom>Sequential unique whole numbers that are automatically generated.</udom>
                    				
                </attrdomv>
            </attr>
            <attr>
                <attrlabl>ZIPCODE</attrlabl>
            </attr>
            <attr>
                <attrlabl>POST_OFFICE_NAME</attrlabl>
            </attr>
            <attr>
                <attrlabl>AREA_SQ_MILES</attrlabl>
            </attr>
            <attr>
                <attrlabl>Shape</attrlabl>
                <attrdef>Feature geometry.</attrdef>
                <attrdefs>Esri</attrdefs>
                <attrdomv>
                    					
                    <udom>Coordinates defining the features.</udom>
                    				
                </attrdomv>
            </attr>
            <attr>
                <attrlabl>SHAPE.AREA</attrlabl>
            </attr>
            <attr>
                <attrlabl>SHAPE.LEN</attrlabl>
            </attr>
        </detailed>
    </eainfo>
    <distinfo>
        <distrib>
            <cntinfo>
                <cntorgp>
                    <cntorg>Esri; Esri Offices</cntorg>
                </cntorgp>
                <cntaddr>
                    <addrtype>mailing and physical</addrtype>
                    <address>380 New York Street</address>
                    <city>Redlands</city>
                    <state>California</state>
                    <postal>92373-8100</postal>
                    <country>US</country>
                </cntaddr>
                <cntvoice>800-447-9778</cntvoice>
                <cntinst>In the United States, contact the Esri Telebusiness staff at 800-447-9778 for more information about our software and data. 



Outside the United States, please direct all inquiries to your local Esri Office. This information can be found at http://www.esri.com/about-esri/offices.</cntinst>
            </cntinfo>
        </distrib>
        <distliab>See access and use constraints information.</distliab>
        <stdorder>
            <digform>
                <digtinfo>
                    <formname>File Geodatabase Feature Class</formname>
                    <formcont>To use this data requires software that supports FGDB files.</formcont>
                    <filedec>ArcGIS? software</filedec>
                </digtinfo>
                <digtopt>
                    <onlinopt>
                        <computer>
                            <networka>
                                <networkr>http://www.ArcGIS.com</networkr>
                            </networka>
                        </computer>
                    </onlinopt>
                    <offoptn>
                        <offmedia>dvd</offmedia>
                        <reccap>
                            <recden>4.38 or 7.95</recden>
                            <recdenu>GB (gigabytes)</recdenu>
                        </reccap>
                        <recfmt>Universal Disk Format file system</recfmt>
                        <compat>Offline Data</compat>
                    </offoptn>
                </digtopt>
            </digform>
            <fees>Software purchase price</fees>
            <ordering>Data and Maps is available only as part of Esri? software.</ordering>
        </stdorder>
    </distinfo>
    <metainfo>
        <metd>20171024</metd>
        <metc>
            <cntinfo>
                <cntorgp>
                    <cntorg>Florida Department of Environmental Protection (FDEP) OTIS/GIS Section</cntorg>
                </cntorgp>
                <cntaddr>
                    <addrtype>mailing and physical</addrtype>
                    <address>2600 Blair Stone Rd MS 6520</address>
                    <city>Tallahassee</city>
                    <state>FL</state>
                    <postal>32399-2400</postal>
                    <country>US</country>
                </cntaddr>
                <cntemail>GIS.Librarian@dep.state.fl.us</cntemail>
            </cntinfo>
        </metc>
        <metstdn>FGDC Content Standard for Digital Geospatial Metadata</metstdn>
        <metstdv>FGDC-STD-001-1998</metstdv>
        <mettc>local time</mettc>
    </metainfo>
</metadata>
